{
    "CahootsID_0001": {
        "name": "Jochen Bittner",
        "name_info": "http://de.wikipedia.org/wiki/Jochen_Bittner",
        "cahoots": [
            {
                "name": "Europa-Union (Referent)",
                "more_info": "http://de.wikipedia.org/wiki/Europa-Union",
                "src": "http://web.archive.org/web/20141002080207/http://www.eu-kiel.de/inhalt/veranst32013.htm"
            },
            {
                "name": "Brussels Forum (Teilnehmer)",
                "more_info": "http://brussels.gmfus.org/about-the-forum/about/",
                "src": "http://www.gmfus.org/brusselsforum/2008/doc/BFParticipantList03.11REVISED.pdf"
            },
            {
                "name": "Bertelsmann-Stiftung",
                "more_info": "http://de.wikipedia.org/wiki/Bertelsmann-Stiftung",
                "src": "http://de.wikipedia.org/wiki/Jochen_Bittner#Mitgliedschaften.2C_Teilnahme_an_Kongressen"
            },
            {
                "name": "Körber-Stiftung (Gast)",
                "more_info": "http://de.wikipedia.org/wiki/K%C3%B6rber-Stiftung",
                "src": "http://web.archive.org/web/20140503040659/http://www.koerber-stiftung.de/koerberforum/programm/details/termin/europa-vermitteln.html"
            }
        ]
    },
    "CahootsID_0002": {
        "name": "Robert Leicht",
        "name_info": "http://de.wikipedia.org/wiki/Robert_Leicht_(Journalist)",
        "cahoots": [
            {
                "name": "Atlantik-Brücke e.V. (Mitglied)",
                "more_info": "http://de.wikipedia.org/wiki/Atlantik-Br%C3%BCcke",
                "src": "http://web.archive.org/web/20140728192825/http://spiegelkabinett-blog.blogspot.de/2013/03/journalisten-der-atlantikbrucke-in.html"
            }
        ]
    },
     "CahootsID_0003": {
        "name": "Josef Joffe",
        "name_info": "http://de.wikipedia.org/wiki/Josef_Joffe",
        "cahoots": [
            {
                "name": "Aspen Institut",
                "more_info": "http://de.wikipedia.org/wiki/Aspen_Institut (Beiratsmitglied)",
                "src": "http://web.archive.org/web/20140508062405/http://zeitreisen.zeit.de/interviews/begegnung-mit-josef-joffe"
            },
            {
                "name": "American Institute for Contemporary German Studies (Mitglied)",
                "more_info": "http://de.wikipedia.org/wiki/Aspen_Institut",
                "src": "http://web.archive.org/web/20140726035059/http://www.aicgs.org/by-author/josef-joffe/"
            },
            {
                "name": "Atlantik-Brücke e.V. (Trustee)",
                "more_info": "http://de.wikipedia.org/wiki/Atlantik-Br%C3%BCcke",
                "src": "http://web.archive.org/web/20140508062405/http://zeitreisen.zeit.de/interviews/begegnung-mit-josef-joffe"
            },
            {
                "name": "Bilderberg-Konferenz (Teilnehmer)",
                "more_info": "http://de.wikipedia.org/wiki/Bilderberg-Konferenz",
                "src": "http://de.wikipedia.org/wiki/Liste_von_Teilnehmern_an_Bilderberg-Konferenzen"
            },
            {
                "name": "American Academy in Berlin (Beiratsmitglied)",
                "more_info": "http://de.wikipedia.org/wiki/American_Academy_in_Berlin",
                "src": "http://web.archive.org/web/20140825161247/http://tec.fsi.stanford.edu/people/josef_joffe/"
            },
            {
                "name": "Europe’s World (Autor)",
                "more_info": "http://de.wikipedia.org/wiki/Friends_of_Europe",
                "src": "http://web.archive.org/web/20140825160210/http://europesworld.org/author/josefjoffe/"
            },
            {
                "name": "Goldman Sachs Foundation (Beiratsmitglied)",
                "more_info": "http://de.wikipedia.org/wiki/Goldman_Sachs",
                "src": "http://web.archive.org/web/20140825161247/http://tec.fsi.stanford.edu/people/josef_joffe/"
            },
            {
                "name": "(Ehem.) Hypovereinsbank (Beiratsmitglied)",
                "more_info": "http://de.wikipedia.org/wiki/Hypovereinsbank",
                "src": "http://web.archive.org/web/20140825161247/http://tec.fsi.stanford.edu/people/josef_joffe/"
            },
            {
                "name": "International Institute for Strategic Studies (Mitglied)",
                "more_info": "http://de.wikipedia.org/wiki/International_Institute_for_Strategic_Studies",
                "src": "http://web.archive.org/web/20140825161247/http://tec.fsi.stanford.edu/people/josef_joffe/"
            },
            {
                "name": "Münchner Sicherheitskonferenz (Teilnehmer)",
                "more_info": "http://de.wikipedia.org/wiki/M%C3%BCnchner_Sicherheitskonferenz",
                "src": "http://web.archive.org/web/20140825161247/http://tec.fsi.stanford.edu/people/josef_joffe/"
            }
        ]
    },
    "CahootsID_0004": {
        "name": "Matthias Naß",
        "name_info": "http://de.wikipedia.org/wiki/Matthias_Na%C3%9F",
        "cahoots": [
            {
                "name": "Transatlantic Academy",
                "more_info": "http://de.wikipedia.org/wiki/Transatlantic_Academy",
                "src": "http://web.archive.org/web/20140503154513/http://www.transatlanticacademy.org/user/78"
            },
            {
                "name": "Institut für Auslandsbeziehungen",
                "more_info": "http://de.wikipedia.org/wiki/Aspen_Institut",
                "src": "http://web.archive.org/web/20140503162745/http://www.ifa.de/website/suche.html?tx_indexedsearch[sword]=NA%C3%9F&tx_indexedsearch[sections]=0&tx_indexedsearch[submit_button]=Search&search=Suchen"
            },
            {
                "name": "Atlantik-Brücke",
                "more_info": "http://de.wikipedia.org/wiki/Atlantik-Br%C3%BCcke",
                "src": "http://www.atlantik-bruecke.org/service/dokumente/jahresbericht-2008-2009.pdf"
            },
            {
                "name": "(Teilnehmer) Bilderberg Konferenz",
                "more_info": "https://en.wikipedia.org/wiki/Bilderberg_Group",
                "src": "http://web.archive.org/web/20140825160809/https://www.lobbycontrol.de/2007/05/vor-g8-bilderberg-elitentreffen-in-istanbul/"
            }
        ]
    },
    "CahootsID_0005": {
        "name": "Michael Thumann",
        "name_info": "http://de.wikipedia.org/wiki/Michael_Thumann",
        "cahoots": [
            {
                "name": "(Ehem.) Transatlantic Academy",
                "more_info": "http://de.wikipedia.org/wiki/Transatlantic_Academy",
                "src": "http://web.archive.org/web/20140825162123/http://www.transatlanticacademy.org/people/michael-thumann?page=10&quicktabs_tabbed_block_1=2"
            },
            {
                "name": "(Ehem.) Woodrow Wilson Center",
                "more_info": "http://de.wikipedia.org/wiki/Woodrow_Wilson_International_Center_for_Scholars",
                "src": "http://web.archive.org/web/20140825162123/http://www.transatlanticacademy.org/people/michael-thumann?page=10&quicktabs_tabbed_block_1=2"
            }
        ]
    },
    "CahootsID_0006": {
        "name": "Jörg Lau",
        "name_info": "http://de.wikipedia.org/wiki/J%C3%B6rg_Lau",
        "cahoots": [
            {
                "name": "(Ehem.) German Marshall Fund",
                "more_info": "http://de.wikipedia.org/wiki/German_Marshall_Fund",
                "src": "http://www.gmfus.org/wp-content/uploads/2013/09/20.1.2-MMF-Agenda-Berlin.pdf"
            }
        ]
    },
    "CahootsID_0007": {
        "name": "Matthias Krupa",
        "name_info": "http://web.archive.org/web/20130409015817/http://www.buildingeurope.eu/de/referenten/matthias-krupa.120/",
        "cahoots": [
            {
                "name": "Building Tomorrow's Europe",
                "more_info": "https://www.buildingeurope.eu/de/kongress/",
                "src": "http://web.archive.org/web/20130409015817/http://www.buildingeurope.eu/de/referenten/matthias-krupa.120/"
            }
        ]
    },
    "CahootsID_0008": {
        "name": "Michael Naumann",
        "name_info": "http://de.wikipedia.org/wiki/Michael_Naumann",
        "cahoots": [
            {
                "name": "SPD (Partei)",
                "more_info": "http://de.wikipedia.org/wiki/Sozialdemokratische_Partei_Deutschlands",
                "src": "http://web.archive.org/web/20140825162927/http://www.faz.net/aktuell/politik/wahl-in-bayern-1/michael-naumann-selbstbewusst-was-auch-immer-er-anpackt-1514638.html"
            }
        ]
    },
    "CahootsID_0009": {
        "name": "Kai Diekmann",
        "name_info": "http://de.wikipedia.org/wiki/Kai_Diekmann",
        "cahoots": [
            {
                "name": "Atlantik-Brücke",
                "more_info": "http://de.wikipedia.org/wiki/Atlantik-Br%C3%BCcke",
                "src": "http://de.wikipedia.org/wiki/Kai_Diekmann#Mitgliedschaft"
            },
            {
                "name": "Franconia Münster",
                "more_info": "http://www.franconia-muenster.de/",
                "src": "https://web.archive.org/web/20130505085156/http://www.zeit.de/karriere/beruf/2012-07/karriere-nutzen-studentenverbindung"
            }
        ]
    },
    "CahootsID_0010": {
        "name": "Klaus-Dieter Frankenberger",
        "name_info": "http://de.wikipedia.org/wiki/Klaus-Dieter_Frankenberger",
        "cahoots": [
            {
                "name": "Trilaterale Kommission",
                "more_info": "http://de.wikipedia.org/wiki/Trilaterale_Kommission",
                "src": "http://de.wikipedia.org/wiki/Klaus-Dieter_Frankenberger#Mitgliedschaften.2C_Verbindungen_zur_Politik"
            },
            {
                "name": "Atlantische Initiative",
                "more_info": "http://de.wikipedia.org/wiki/Atlantische_Initiative",
                "src": "http://de.wikipedia.org/wiki/Klaus-Dieter_Frankenberger#Mitgliedschaften.2C_Verbindungen_zur_Politik"
            },
            {
                "name": "Bundesakademie für Sicherheitspolitik",
                "more_info": "http://de.wikipedia.org/wiki/Bundesakademie_f%C3%BCr_Sicherheitspolitik",
                "src": "http://de.wikipedia.org/wiki/Klaus-Dieter_Frankenberger#Mitgliedschaften.2C_Verbindungen_zur_Politik"
            },
            {
                "name": "Institut für Europäische Politik",
                "more_info": "http://de.wikipedia.org/wiki/Atlantische_Initiative",
                "src": "http://de.wikipedia.org/wiki/Institut_f%C3%BCr_Europ%C3%A4ische_Politik"
            },
            {
                "name": "Transatlantic Academy",
                "more_info": "http://de.wikipedia.org/wiki/Transatlantic_Academy",
                "src": "http://de.wikipedia.org/wiki/Institut_f%C3%BCr_Europ%C3%A4ische_Politik"
            },
            {
                "name": "(Teilnehmer) Münchner Sicherheitskonferenz",
                "more_info": "http://de.wikipedia.org/wiki/M%C3%BCnchner_Sicherheitskonferenz",
                "src": "http://de.wikipedia.org/wiki/Klaus-Dieter_Frankenberger#Mitgliedschaften.2C_Verbindungen_zur_Politik"
            }
        ]
    },
    "CahootsID_0011": {
        "name": "Stefan Kornelius",
        "name_info": "http://de.wikipedia.org/wiki/Stefan_Kornelius",
        "cahoots": [
            {
                "name": "Atlantik-Brücke (Mitglied)",
                "more_info": "http://de.wikipedia.org/wiki/Atlantik-Br%C3%BCcke",
                "src": "https://github.com/wuwi/cahoots/blob/master/misc/stefan_kornelius_mail.txt",
                "verified_info" : "true"
            },
            {
                "name": "Deutschen Gesellschaft für Auswärtige Politik (Mitglied)",
                "more_info": "http://de.wikipedia.org/wiki/Deutsche_Gesellschaft_f%C3%BCr_Ausw%C3%A4rtige_Politik",
                "src": "https://github.com/wuwi/cahoots/blob/master/misc/stefan_kornelius_mail.txt",
                "verified_info" : "true"
            },
            {
                "name": "Bundesakademie für Sicherheitspolitik (Beiratsmitglied)",
                "more_info": "http://de.wikipedia.org/wiki/Bundesakademie_f%C3%BCr_Sicherheitspolitik",
                "src": "https://github.com/wuwi/cahoots/blob/master/misc/stefan_kornelius_mail.txt",
                "verified_info" : "true"
            },
            {
                "name": "Deutsch-Russisches Forum (Mitglied)",
                "more_info": "http://de.wikipedia.org/wiki/Deutsch-Russisches_Forum",
                "src": "https://github.com/wuwi/cahoots/blob/master/misc/stefan_kornelius_mail.txt",
                "verified_info" : "true"
            },
            {
                "name": "Körber-Stiftung (Moderator in Sache der SZ)",
                "more_info": "http://de.wikipedia.org/wiki/K%C3%B6rber-Stiftung",
                "src": "https://web.archive.org/web/20140302133310/http://www.koerber-stiftung.de/koerberforum/gaeste/gaeste-details/gast/stefan-kornelius.html"
            },
            {
                "name": "American Institute for Contemporary German Studies (Mitwirkender)",
                "more_info": "http://www.aicgs.org/",
                "src": "https://web.archive.org/web/20140914130152/http://www.message-online.com/archiv/message-1-2013/leseproben/die-naehe-zur-macht/"
            },
            {
                "name": "(Ehm.) Deutsche Atlantische Gesellschaft (Präsidiumsmitglied)",
                "more_info": "http://www.deutscheatlantischegesellschaft.de/cms/front_content.php?idcat=73&lang=1",
                "src": "https://web.archive.org/web/20140914130152/http://www.message-online.com/archiv/message-1-2013/leseproben/die-naehe-zur-macht/"
            },
            {
                "name": "Münchner Sicherheitskonferenz (Teilnehmer)",
                "more_info": "http://de.wikipedia.org/wiki/M%C3%BCnchner_Sicherheitskonferenz",
                "src": "https://web.archive.org/web/20140716065613/https://www.securityconference.de/de/veranstaltungen/munich-security-conference/msc-2014/teilnehmer/"
            }
        ]
    },
    "CahootsID_0012": {
        "name": "Constanze Kurz",
        "name_info": "http://de.wikipedia.org/wiki/Constanze_Kurz",
        "cahoots": [
            {
                "name": "Chaos Computer Club (Sprecherin)",
                "more_info": "http://de.wikipedia.org/wiki/Chaos_Computer_Club",
                "src": "http://inka.htw-berlin.de/inka/constanze/"
            }
        ]
    },
    "CahootsID_0013": {
        "name": "Stephan Urbach",
        "name_info": "http://de.wikipedia.org/wiki/Stephan_Urbach",
        "cahoots": [
            {
                "name": "(Ehem.) Junge Piraten Deutschland",
                "more_info": "http://de.wikipedia.org/wiki/Piratenpartei_Deutschland",
                "src": "https://wiki.junge-piraten.de/w/images/6/66/Bundesmitgliedsversammlung_2009.2_Protokoll.pdf"
            }
        ]
    },
    "CahootsID_0014": {
        "name": "Christoph Hein",
        "name_info": "http://web.archive.org/web/20140814014236/http://www.faz.net/redaktion/christoph-hein-11123670.html",
        "cahoots": [
            {
                "name": "(Ehem.) BASF",
                "more_info": "http://de.wikipedia.org/wiki/BASF",
                "src": "http://www.faz.net/redaktion/christoph-hein-11123670.html"
            }
        ]
    },
    "CahootsID_0015": {
        "name": "Henrike Roßbach",
        "name_info": "http://web.archive.org/web/20141005054231/http://www.faz.net/redaktion/henrike-rossbach-11104125.html",
        "cahoots": [
            {
                "name": "Die Lebensmittelwirtschaft (Referentin)",
                "more_info": "http://www.lebensmittelwirtschaft.org/verein/",
                "src": "https://web.archive.org/web/20131113072648/http://www.lebensmittelwirtschaft.org/symposium/referenten/"
            }
        ]
    },
    "CahootsID_0016": {
        "name": "Henning Peitsmeier (Mitglied)",
        "name_info": "http://web.archive.org/web/20140927020042/http://www.faz.net/redaktion/henning-peitsmeier-11104434.html",
        "cahoots": [
            {
                "name": "Club Wirtschaftspresse München",
                "more_info": "http://www.wirtschaftspresse-muenchen.de/Plone/ueber-uns-1",
                "src": "http://www.wirtschaftspresse-muenchen.de/Plone/user_info?userid=peitsmeier"
            }
        ]
    },
    "CahootsID_0017": {
        "name": "Werner Mussler",
        "name_info": "http://web.archive.org/web/20141002200231/http://www.faz.net/redaktion/werner-mussler-11104392.html",
        "cahoots": [
            {
                "name": "Club Wirtschaftspresse München",
                "more_info": "http://en.wikipedia.org/wiki/Wilfried_Martens_Centre_for_European_Studies",
                "src": "http://martenscentre.eu/users/werner-mussler"
            },
            {
                "name": "(Ehem.) Institut zur Zukunft der Arbeit",
                "more_info": "http://de.wikipedia.org/wiki/Institut_zur_Zukunft_der_Arbeit",
                "src": "http://www.iza.org/en/webcontent/personnel/photos/index_html?key=4306"
            }
        ]
    },
    "CahootsID_0018": {
        "name": "Rüdiger Soldt",
        "name_info": "http://web.archive.org/web/20141001151500/http://www.faz.net/redaktion/ruediger-soldt-11104335.html",
        "cahoots": [
            {
                "name": "Berliner Republik",
                "more_info": "http://de.wikipedia.org/wiki/Berliner_Republik_(Zeitschrift)",
                "src": "http://www.b-republik.de/berliner-republik/autoren?details=20"
            }
        ]
    },
    "CahootsID_0019": {
        "name": "Robert von Lucius",
        "name_info": "http://de.wikipedia.org/wiki/Robert_von_Lucius",
        "cahoots": [
            {
                "name": "(Ehem.) McCloy Academic Scholarship Program",
                "more_info": "http://de.wikipedia.org/wiki/McCloy_Academic_Scholarship_Program",
                "src": "http://de.wikipedia.org/wiki/Robert_von_Lucius"
            }
        ]
    },
    "CahootsID_0020": {
        "name": "Irmgard Bayer",
        "name_info": "http://web.archive.org/web/20141022182407/http://www.oegwk.at/2011/referenten/index.php#bayer",
        "cahoots": [
            {
                "name": "Österreichische Volkspartei",
                "more_info": "http://de.wikipedia.org/wiki/%C3%96sterreichische_Volkspartei",
                "src": "http://www.journalist.at/archiv/2010-2/ausgabe-08092010/warum-journalisten-politiker-werden/"
            },
            {
                "name": "Industriellenvereinigung (IV)",
                "more_info": "http://de.wikipedia.org/wiki/Industriellenvereinigung",
                "src": "http://www.journalist.at/archiv/2010-2/ausgabe-08092010/warum-journalisten-politiker-werden/"
            },
            {
                "name": "Wirtschaftskammer Österreich",
                "more_info": "http://de.wikipedia.org/wiki/Wirtschaftskammer_%C3%96sterreich",
                "src": "http://www.journalist.at/archiv/2010-2/ausgabe-08092010/warum-journalisten-politiker-werden/"
            }
        ]
    },
    "CahootsID_0021": {
        "name": "Astrid Geisler",
        "name_info": "http://web.archive.org/web/20140517003306/http://astridgeisler.de/",
        "cahoots": [
            {
                "name": "Piratenpartei",
                "more_info": "http://de.wikipedia.org/wiki/Piratenpartei_Deutschland",
                "src": "http://blogs.taz.de/hausblog/2013/03/08/bucher-von-taz-autoren-piratenbraut/"
            }
        ]
    },
    "CahootsID_0022": {
        "name": "Felix Dachsel",
        "name_info": "http://web.archive.org/web/20131215175521/http://flxdax.wordpress.com/about/",
        "cahoots": [
            {
                "name": "SPD",
                "more_info": "http://de.wikipedia.org/wiki/Sozialdemokratische_Partei_Deutschlands",
                "src": "http://blogs.taz.de/hausblog/2013/01/13/bekenntnis-ich-bin-taz-redakteur-und-parteimitglied/"
            }
        ]
    },
    "CahootsID_0023": {
        "name": "Malte Kreutzfeldt",
        "name_info": "http://de.wikipedia.org/wiki/Malte_Kreutzfeldt_(Journalist)",
        "cahoots": [
            {
                "name": "Attac",
                "more_info": "http://de.wikipedia.org/wiki/Attac",
                "src": "http://de.wikipedia.org/wiki/Kategorie:Attac-Mitglied"
            }
        ]
    },
    "CahootsID_0024": {
        "name": "Claus Kleber",
        "name_info": "http://de.wikipedia.org/wiki/Claus_Kleber",
        "cahoots": [
            {
                "name": "Aspen Institute",
                "more_info": "http://de.wikipedia.org/wiki/Aspen-Institut",
                "src": "https://de.wikipedia.org/wiki/Claus_Kleber#Leben"
            },
            {
                "name": "Atlantik-Brücke e.V.",
                "more_info": "http://de.wikipedia.org/wiki/Atlantik-Br%C3%BCcke",
                "src": "https://de.wikipedia.org/wiki/Claus_Kleber#Leben"
            },
            {
                "name": "(Teilnehmer) Münchner Sicherheitskonferenz 2010",
                "more_info": "https://www.securityconference.de/",
                "src": "https://www.securityconference.de/veranstaltungen/munich-security-conference/msc-2010/teilnehmer/"
            }
        ]
    },
    "CahootsID_0025": {
        "name": "Stefan Niggemeier",
        "name_info": "http://web.archive.org/web/20141009001106/http://www.stefan-niggemeier.de/blog/lebenslauf/",
        "cahoots": [
            {
                "name": "Freischreiber e.V.",
                "more_info": "http://de.wikipedia.org/wiki/Freischreiber",
                "src": "http://de.wikipedia.org/wiki/Freischreiber"
            }
        ]
    },
    "CahootsID_0026": {
        "name": "Wolfgang Büchner",
        "name_info": "http://de.wikipedia.org/wiki/Wolfgang_B%C3%BCchner",
        "cahoots": [
            {
                "name": "Reporter ohne Grenzen",
                "more_info": "http://de.wikipedia.org/wiki/Reporter_ohne_Grenzen",
                "src": "https://de.wikipedia.org/wiki/Wolfgang_B%C3%BCchner"
            },
            {
                "name": "Verband Deutscher Zeitschriftenverleger",
                "more_info": "https://de.wikipedia.org/wiki/Verband_Deutscher_Zeitschriftenverleger",
                "src": "https://de.wikipedia.org/wiki/Wolfgang_B%C3%BCchner#cite_note-9"
            }
        ]
    },
    "CahootsID_0027": {
        "name": "Katja Gloger",
        "name_info": "http://de.wikipedia.org/wiki/Katja_Gloger",
        "cahoots": [
            {
                "name": "Reporter ohne Grenzen",
                "more_info": "http://de.wikipedia.org/wiki/Reporter_ohne_Grenzen",
                "src": "http://de.wikipedia.org/wiki/Katja_Gloger#Leben"
            }
        ]
    },
    "CahootsID_0028": {
        "name": "Matthias Matussek",
        "name_info": "http://web.archive.org/web/20131228035941/http://www.matthias-matussek.de/biographie/",
        "cahoots": [
            {
                "name": "Pro Papa – Solidarität mit dem Papst e.V.",
                "more_info": "http://de.wikipedia.org/wiki/Deutschland_pro_Papa",
                "src": "http://de.wikipedia.org/wiki/Matthias_Matussek#Positionen"
            }
        ]
    },
    "CahootsID_0029": {
        "name": "Richard Kiessler",
        "name_info": "http://de.wikipedia.org/wiki/Richard_Kiessler",
        "cahoots": [
            {
                "name": "Atlantik-Brücke e.V.",
                "more_info": "http://de.wikipedia.org/wiki/Atlantik-Br%C3%BCcke",
                "src": "http://de.wikipedia.org/wiki/Richard_Kiessler#Leben"
            },
            {
                "name": "Lions Club",
                "more_info": "http://de.wikipedia.org/wiki/Lions_Club",
                "src": "http://de.wikipedia.org/wiki/Richard_Kiessler#Leben"
            },
            {
                "name": "Deutsche Gesellschaft für Auswärtige Politik",
                "more_info": "http://de.wikipedia.org/wiki/Deutsche_Gesellschaft_f%C3%BCr_Ausw%C3%A4rtige_Politik",
                "src": "http://de.wikipedia.org/wiki/Richard_Kiessler#Leben"
            }
        ]
    },
    "CahootsID_0030": {
        "name": "Heribert Prantl",
        "name_info": "http://de.wikipedia.org/wiki/Heribert_Prantl",
        "cahoots": [
            {
                "name": "European Law Students’ Association",
                "more_info": "http://de.wikipedia.org/wiki/European_Law_Students%E2%80%99_Association",
                "src": "http://de.wikipedia.org/wiki/Heribert_Prantl"
            },
            {
                "name": "Stiftung Pro Justitia",
                "more_info": "http://de.wikipedia.org/wiki/Stiftung_Pro_Justitia",
                "src": "http://de.wikipedia.org/wiki/Heribert_Prantl"
            },
            {
                "name": "Deutsche Nationalstiftung",
                "more_info": "http://de.wikipedia.org/wiki/Deutsche_Nationalstiftung",
                "src": "http://de.wikipedia.org/wiki/Heribert_Prantl"
            }
        ]
    },
    "CahootsID_0031": {
        "name": "Michael Stürmer",
        "name_info": "http://de.wikipedia.org/wiki/Michael_St%C3%BCrmer",
        "cahoots": [
            {
                "name": "Deutsche Gesellschaft für Auswärtige Politik",
                "more_info": "http://de.wikipedia.org/wiki/Michael_St%C3%BCrmer",
                "src": "http://de.wikipedia.org/wiki/Deutsche_Gesellschaft_f%C3%BCr_Ausw%C3%A4rtige_Politik#Mitgliedschaft"
            },
            {
                "name": "European Council on Foreign Relations",
                "more_info": "http://de.wikipedia.org/wiki/Stiftung_Pro_Justitia",
                "src": "http://web.archive.org/web/20130921230053/http://www.ecfr.eu/content/berlin/council"
            },
            {
                "name": "German British Forum (Jury)",
                "more_info": "http://www.gbf.com/",
                "src": "http://web.archive.org/web/20140929182049/http://wikispooks.com/wiki/German-British_Forum"
            },
            {
                "name": "Münchner Sicherheitskonferenz (Teilnehmer)",
                "more_info": "http://de.wikipedia.org/wiki/M%C3%BCnchner_Sicherheitskonferenz",
                "src": "http://web.archive.org/web/20140716065613/https://www.securityconference.de/de/veranstaltungen/munich-security-conference/msc-2014/teilnehmer/"
            },
            {
                "name": "Valdai Discussion Club",
                "more_info": "http://en.wikipedia.org/wiki/Valdai_International_Discussion_Club",
                "src": "http://web.archive.org/web/20130924224449/http://en.wikipedia.org/wiki/Valdai_International_Discussion_Club#History"
            }
        ]
    },
    "CahootsID_0032": {
        "name": "Marc Brost",
        "name_info": "http://de.wikipedia.org/wiki/Marc_Brost",
        "cahoots": [
            {
                "name": "Atlantik-Brücke",
                "more_info": "http://de.wikipedia.org/wiki/Atlantik-Br%C3%BCcke",
                "src": "http://de.wikipedia.org/wiki/Liste_von_Mitgliedern_der_Atlantik-Br%C3%BCcke"
            }
        ]
    },
    "CahootsID_0033": {
        "name": "Peter Frey",
        "name_info": "http://de.wikipedia.org/wiki/Peter_Frey",
        "cahoots": [
            {
                "name": "Körber-Stiftung (Gast)",
                "more_info": "http://de.wikipedia.org/wiki/K%C3%B6rber-Stiftung",
                "src": "http://web.archive.org/web/20140929173404/http://www.koerber-stiftung.de/koerberforum/gaeste/gaeste-details/gast/peter-frey.html"
            },
            {
                "name": "(Ehem.) Bundesakademie für Sicherheitspolitik",
                "more_info": "http://de.wikipedia.org/wiki/Bundesakademie_f%C3%BCr_Sicherheitspolitik",
                "src": "http://de.wikipedia.org/wiki/Peter_Frey_(Journalist)#Leben"
            }
        ]
    },
    "CahootsID_0034": {
        "name": "Winfried Wolf",
        "name_info": "http://de.wikipedia.org/wiki/Winfried_Wolf_(Journalist)",
        "cahoots": [
            {
                "name": "Attac",
                "more_info": "http://de.wikipedia.org/wiki/Attac",
                "src": "http://de.wikipedia.org/wiki/Kategorie:Attac-Mitglied"
            },
            {
                "name": "Bildungsgemeinschaft SALZ",
                "more_info": "http://de.wikipedia.org/wiki/Bildungsgemeinschaft_SALZ",
                "src": "http://de.wikipedia.org/wiki/Winfried_Wolf_(Journalist)"
            },
            {
                "name": "Die Linke",
                "more_info": "http://de.wikipedia.org/wiki/Die_Linke",
                "src": "http://www.linksfraktion.de/abgeordnete/sabine-leidig/mitarbeiterinnen/"
            }
        ]
    },
    "CahootsID_0035": {
        "name": "Heike Göbel",
        "name_info": "http://de.wikipedia.org/wiki/Heike_G%C3%B6bel",
        "cahoots": [
            {
                "name": "Ludwig-Erhard-Stiftung",
                "more_info": "https://de.wikipedia.org/wiki/Ludwig-Erhard-Stiftung",
                "src": "https://web.archive.org/web/20130605140454/http://www.ludwig-erhard-stiftung.de/index.php?seite=8"
            }
        ]
    },
    "CahootsID_0036": {
        "name": "Thomas Gutschker",
        "name_info": "http://web.archive.org/web/20141006095404/http://www.faz.net/redaktion/thomas-gutschker-11132364.html",
        "cahoots": [
            {
                "name": "Amerikahaus NRW",
                "more_info": "http://www.amerikahaus-nrw.de",
                "src": "http://web.archive.org/web/20141002125701/http://www.amerikahaus-nrw.de/redner-kuenstler.html?show=4206"
            }
        ]
    },
    "CahootsID_0037": {
        "name": "Ken Jebsen",
        "cahoots": [
            {
                "name": "compact",
                "more_info": "http://de.wikipedia.org/wiki/Compact_%28Magazin%29",
                "src": "https://www.taz.de/1/archiv/digitaz/artikel/?ressort=pb&dig=2012%2F04%2F07%2Fa0035&cHash=9dde16445a"
            }
        ]
    },
    "CahootsID_0038": {
        "name": "Konrad Schuller",
        "name_info": "http://de.wikipedia.org/wiki/Konrad_Schuller",
        "cahoots": [
            {
                "name": "Reemtsma Liberty Award",
                "more_info": "https://de.wikipedia.org/wiki/Liberty_Award",
                "src": "https://de.wikipedia.org/wiki/Konrad_Schuller"
            }
        ]
    },
    "CahootsID_0039": {
        "name": "Berthold Kohler",
        "name_info": "http://de.wikipedia.org/wiki/Berthold_Kohler",
        "cahoots": [
            {
                "name": "Münchner Sicherheitskonferenz 2009 (Teilnehmer)",
                "more_info": "https://www.securityconference.de/",
                "src": "http://web.archive.org/web/20140716021357/https://www.securityconference.de/de/veranstaltungen/munich-security-conference/msc-2009/teilnehmer/"
            }
        ]
    },
    "CahootsID_0040": {
        "name": "Matthias Küntzel",
        "name_info": "http://web.archive.org/web/20140916063813/http://www.matthiaskuentzel.de/contents/ueber-den-autor/",
        "cahoots": [
            {
                "name": "Deutsche Gesellschaft für Auswärtige Politik",
                "more_info": "https://dgap.org/de",
                "src": "http://www.matthiaskuentzel.de/contents/ueber-den-autor/"
            }
        ]
    },
    "CahootsID_0041": {
        "name": "Frank Rieger",
        "name_info": "http://de.wikipedia.org/wiki/Frank_Rieger",
        "cahoots": [
            {
                "name": "Chaos Computer Club (CCC)",
                "more_info": "http://www.ccc.de/",
                "src": "http://de.wikipedia.org/wiki/Frank_Rieger"
            }
        ]
    },
    "CahootsID_0042": {
        "name": "Helmut Markwort",
        "name_info": "http://de.wikipedia.org/wiki/Helmut_Markwort",
        "cahoots": [
            {
                "name": "FPD (Partei)",
                "more_info": "https://de.wikipedia.org/wiki/Freie_Demokratische_Partei",
                "src": "https://de.wikipedia.org/wiki/Helmut_Markwort#Weitere_T.C3.A4tigkeiten"
            }
        ]
    },
    "CahootsID_0043": {
        "name": "Helmut Schmidt",
        "name_info": "http://de.wikipedia.org/wiki/Helmut_Schmidt",
        "cahoots": [
            {
                "name": "Atlantik-Brücke e.V.",
                "more_info": "https://www.atlantik-bruecke.org/",
                "src": "http://web.archive.org/web/20141002125028/http://www.welt.de/welt_print/vermischtes/hamburg/article6752622/Der-Afghanistan-Konflikt-kann-nicht-militaerisch-gewonnen-werden.html"
            }
        ]
    },
    "CahootsID_0044": {
        "name": "Martin Klingst",
        "name_info": "http://www.linkedin.com/pub/martin-klingst/26/777/825",
        "cahoots": [
            {
                "name": "Atlantik-Brücke e.V.",
                "more_info": "https://www.atlantik-bruecke.org/",
                "src": "http://web.archive.org/web/20131103145043/http://www.atlantik-bruecke.org/w/files/dokumente/120628_jahresbericht_2012.pdf"
            }
        ]
    },
    "CahootsID_0045": {
        "name": "Christoph von Marschall",
        "name_info": "http://de.wikipedia.org/wiki/Christoph_von_Marschall",
        "cahoots": [
            {
                "name": "Atlantik-Brücke e.V.",
                "more_info": "https://www.atlantik-bruecke.org/",
                "src": "https://web.archive.org/web/20130828164346/http://www.atlantik-bruecke.org/programme/arbeits-und-regionalgruppen/regionalgruppen/"
            }
        ]
    },
    "CahootsID_0046": {
        "name": "Anna Marohn",
        "name_info": "http://web.archive.org/web/20140701083125/http://www.saalzwei.de/autoren#c1039",
        "cahoots": [
            {
                "name": "Atlantik-Brücke e.V.",
                "more_info": "https://www.atlantik-bruecke.org/",
                "src": "http://web.archive.org/web/20131103145043/http://www.atlantik-bruecke.org/w/files/dokumente/120628_jahresbericht_2012.pdf"
            }
        ]
    },
    "CahootsID_0047": {
        "name": "Ingo Zamperoni",
        "name_info": "http://de.wikipedia.org/wiki/Ingo_Zamperoni",
        "cahoots": [
            {
                "name": "Atlantik-Brücke e.V.",
                "more_info": "http://de.wikipedia.org/wiki/Atlantik-Br%C3%BCcke",
                "src": "http://web.archive.org/web/20131103145043/http://www.atlantik-bruecke.org/w/files/dokumente/120628_jahresbericht_2012.pdf"
            }
        ]
    },
    "CahootsID_0048": {
        "name": "Tina Hassel",
        "name_info": "http://de.wikipedia.org/wiki/Tina_Hassel",
        "cahoots": [
            {
                "name": "Atlantik-Brücke e.V.",
                "more_info": "http://de.wikipedia.org/wiki/Atlantik-Br%C3%BCcke",
                "src": "http://web.archive.org/web/20131103145043/http://www.atlantik-bruecke.org/w/files/dokumente/120628_jahresbericht_2012.pdf"
            }
        ]
    },
    "CahootsID_0049": {
        "name": "Rudolf Hickel",
        "name_info": "http://de.wikipedia.org/wiki/Rudolf_Hickel",
        "cahoots": [
            {
                "name": "(Ehem.) Intitut Arbeit und Wirtschaft",
                "more_info": "https://de.wikipedia.org/wiki/Institut_Arbeit_und_Wirtschaft",
                "src": "http://web.archive.org/web/20130301202042/http://www.iaw.uni-bremen.de/ccm/navigation/das-institut/mitglieder/aktive-mitglieder/"
            }
        ]
    },
    "CahootsID_0050": {
        "name": "Ronald G. Asch",
        "name_info": "http://de.wikipedia.org/wiki/Ronald_G._Asch",
        "cahoots": [
            {
                "name": "Alternative für Deutschland (AfD) (Partei)",
                "more_info": "http://de.wikipedia.org/wiki/Alternative_f%C3%BCr_Deutschland",
                "src": "http://www.badische-zeitung.de/freiburg/alternative-fuer-deutschland-gruendet-freiburger-partei--72771947.html"
            }
        ]
    },
    "CahootsID_0051": {
        "name": "Ronnie Grob",
        "name_info": "https://web.archive.org/web/20140903041329/http://blog.ronniegrob.com/author/",
        "cahoots": [
            {
                "name": "Verein Direktedemokratie.com",
                "more_info": "http://www.direktedemokratie.com/",
                "src": "https://web.archive.org/web/20140903041329/http://blog.ronniegrob.com/author/",
                "verified_info" : "true"
            }
        ]
    },
    "CahootsID_0052": {
        "name": "Michael Wolffsohn",
        "name_info": "http://de.wikipedia.org/wiki/Michael_Wolffsohn",
        "cahoots": [
            {
                "name": "Deutsche Bank Beirat Ost",
                "more_info": "http://en.wikipedia.org/wiki/Deutsche_Bank",
                "src": "https://geschaeftsbericht.deutsche-bank.de/2010/gb/serviceseiten/downloads/files/dbfy2010_verzeichnis_beiratsmitglieder.pdf"
            }
        ]
    },
    "CahootsID_0053": {
        "name": "Ruth Ciesinger",
        "name_info": "http://web.archive.org/save/http://www.zoominfo.com/CachedPage/?archive_id=0&page_id=1815684355&page_url=//www.icfj.org//kellenbios.html&page_last_updated=2006-12-15T16:48:04&firstName=Ruth&lastName=Ciesinger",
        "cahoots": [
            {
                "name": "American Council on Germany (Stipendiatin)",
                "more_info": "http://de.wikipedia.org/wiki/American_Council_on_Germany",
                "src": "https://web.archive.org/web/20140909125513/http://www.boell.de/de/navigation/aussen-sicherheit-6241.html"
            }
        ]
    },
    "CahootsID_0054": {
        "name": "Nikolaus Blome",
        "name_info": "http://de.wikipedia.org/wiki/Nikolaus_Blome",
        "cahoots": [
            {
                "name": "Atlantik Brücke e.V.",
                "more_info": "https://www.atlantik-bruecke.org/",
                "src": "https://web.archive.org/web/20140728192825/http://spiegelkabinett-blog.blogspot.de/2013/03/journalisten-der-atlantikbrucke-in.html"
            }
        ]
    },
    "CahootsID_0055": {
        "name": "Albrecht Müller",
        "name_info": "http://de.wikipedia.org/wiki/Albrecht_M%C3%BCller_(Publizist)",
        "cahoots": [
            {
                "name": "NachDenkSeiten (Herausgeber)",
                "more_info": "https://de.wikipedia.org/wiki/NachDenkSeiten",
                "src": "http://web.archive.org/web/20140722170553/http://www.nachdenkseiten.de/?page_id=5"
            },
            {
                "name": "SPD (Partei)",
                "more_info": "http://de.wikipedia.org/wiki/Sozialdemokratische_Partei_Deutschlands",
                "src": "http://web.archive.org/web/20141022184517/http://www.spd-gemv-konz.de/index.php/albrecht-mueller-und-seine-nachdenkseiten/"
            }
        ]
    },
    "CahootsID_0056": {
        "name": "Wolfgang Lieb",
        "name_info": "http://de.wikipedia.org/wiki/Wolfgang_Lieb",
        "cahoots": [
            {
                "name": "NachDenkSeiten (Herausgeber)",
                "more_info": "https://de.wikipedia.org/wiki/NachDenkSeiten",
                "src": "http://web.archive.org/web/20140722170553/http://www.nachdenkseiten.de/?page_id=5"
            }
        ]
    },
    "CahootsID_0057": {
        "name": "Jens Berger",
        "name_info": "http://www.spiegelfechter.com/wordpress/about",
        "cahoots": [
            {
                "name": "NachDenkSeiten (Autor)",
                "more_info": "https://de.wikipedia.org/wiki/NachDenkSeiten",
                "src": "http://web.archive.org/web/20140722170553/http://www.nachdenkseiten.de/?page_id=5"
            }
        ]
    },
    "CahootsID_0058": {
        "name": "Jörg Himmelreich",
        "name_info": "http://web.archive.org/web/20141002130424/http://www.koerber-stiftung.de/internationale-politik/bergedorfer-gespraechskreis/teilnehmer/teilnehmer-detail/vita/himmelreich.html",
        "cahoots": [
            {
                "name": "German Marshall Fund",
                "more_info": "http://de.wikipedia.org/wiki/German_Marshall_Fund",
                "src": "http://web.archive.org/web/20141002130424/http://www.koerber-stiftung.de/internationale-politik/bergedorfer-gespraechskreis/teilnehmer/teilnehmer-detail/vita/himmelreich.html"
            },
            {
                "name": "Körber-Stiftung",
                "more_info": "http://de.wikipedia.org/wiki/K%C3%B6rber-Stiftung",
                "src": "http://web.archive.org/web/20141002130424/http://www.koerber-stiftung.de/internationale-politik/bergedorfer-gespraechskreis/teilnehmer/teilnehmer-detail/vita/himmelreich.html"
            }
        ]
    },
    "CahootsID_0059": {
        "name": "Georg Mascolo",
        "name_info": "http://de.wikipedia.org/wiki/Georg_Mascolo",
        "cahoots": [
            {
                "name": "German Conference at Harvard (Teilnehmer)",
                "more_info": "http://www.germanconference.org/",
                "src": "http://web.archive.org/web/20140328154603/http://www.germanconference.org/2014/03Speakers.html"
            }
        ]
    },
    "CahootsID_0060": {
        "name": "Jan-Eric Peters",
        "name_info": "http://de.wikipedia.org/wiki/Jan-Eric_Peters",
        "cahoots": [
            {
                "name": "Young Global Leader Forum / WEF Davos",
                "more_info": "http://en.wikipedia.org/wiki/World_Economic_Forum",
                "src": "http://web.archive.org/web/20141002132111/http://snd2014.de/project/jan-eric-peters/"
            }
        ]
    },
    "CahootsID_0061": {
        "name": "Thomas Bauer",
        "name_info": "http://web.archive.org/web/20140625225642/http://kress.de/kresskoepfe/kopf/profil/613-thomas-bauer.html",
        "cahoots": [
            {
                "name": "Deutscher Journalisten-Verband DJV/BJV (Mitglied)",
                "more_info": "http://www.bjv.de/",
                "src": "https://github.com/wuwi/cahoots/blob/master/misc/thomas_bauer_mail.txt"
            },
            {
                "name": "Bundesverband Schauspiel BFFS (Mitglied)",
                "more_info": "http://www.bffs.de/",
                "src": "https://github.com/wuwi/cahoots/blob/master/misc/thomas_bauer_mail.txt"
            },
            {
                "name": "Klink-Clowns e.V. (Mitglied)",
                "more_info": "https://www.klinikclowns.de/",
                "src": "https://github.com/wuwi/cahoots/blob/master/misc/thomas_bauer_mail.txt"
            }
        ]
    },
    "CahootsID_0062": {
        "name": "Laura Meschede",
        "name_info": "https://twitter.com/LauraMeschede",
        "cahoots": [
            {
                "name": "Slutwalk München (Mitorganisatorin)",
                "more_info": "http://slutwalkmuenchen.blogsport.de/",
                "src": "https://github.com/wuwi/cahoots/blob/master/misc/laura_meschede_mail.txt",
                "verified_info" : "true"
            }
        ]
    }
}