{
    "CahootsID_0001": {
        "name": "Jochen Bittner",
        "cahoots": [
            {
                "name": "Europa-Union",
                "more_info": "http://de.wikipedia.org/wiki/Europa-Union",
                "src": "http://de.wikipedia.org/wiki/Jochen_Bittner#Mitgliedschaften.2C_Teilnahme_an_Kongressen"
            },
            {
                "name": "Brussels Forum",
                "more_info": "http://brussels.gmfus.org/about-the-forum/about/",
                "src": "http://de.wikipedia.org/wiki/Jochen_Bittner#Mitgliedschaften.2C_Teilnahme_an_Kongressen"
            },
            {
                "name": "Bertelsmann-Stiftung",
                "more_info": "http://de.wikipedia.org/wiki/Bertelsmann-Stiftung",
                "src": "http://de.wikipedia.org/wiki/Jochen_Bittner#Mitgliedschaften.2C_Teilnahme_an_Kongressen"
            },
            {
                "name": "Körber-Stiftung",
                "more_info": "http://de.wikipedia.org/wiki/K%C3%B6rber-Stiftung",
                "src": "http://de.wikipedia.org/wiki/Jochen_Bittner#Mitgliedschaften.2C_Teilnahme_an_Kongressen"
            }
        ]
    },
    "CahootsID_0002": {
        "name": "Robert Leicht",
        "cahoots": [
            {
                "name": "Atlantik-Brücke e.V.",
                "more_info": "http://de.wikipedia.org/wiki/Atlantik-Br%C3%BCcke",
                "src": "http://spiegelkabinett-blog.blogspot.de/2013/03/journalisten-der-atlantikbrucke-in.html"
            }
        ]
    },
     "CahootsID_0003": {
        "name": "Josef Joffe",
        "cahoots": [
            {
                "name": "Aspen Institut",
                "more_info": "http://de.wikipedia.org/wiki/Aspen_Institut",
                "src": "http://de.wikipedia.org/wiki/Josef_Joffe#Mitgliedschaften"
            },
            {
                "name": "American Institute for Contemporary German Studies",
                "more_info": "http://de.wikipedia.org/wiki/Aspen_Institut",
                "src": "http://de.wikipedia.org/wiki/Josef_Joffe#Mitgliedschaften"
            },
            {
                "name": "Atlantik-Brücke e.V.",
                "more_info": "http://de.wikipedia.org/wiki/Atlantik-Br%C3%BCcke",
                "src": "http://de.wikipedia.org/wiki/Josef_Joffe#Mitgliedschaften"
            },
            {
                "name": "(Teilnehmer) Bilderberg-Konferenz",
                "more_info": "http://de.wikipedia.org/wiki/Bilderberg-Konferenz",
                "src": "http://de.wikipedia.org/wiki/Liste_von_Teilnehmern_an_Bilderberg-Konferenzen"
            },
            {
                "name": "American Academy in Berlin",
                "more_info": "http://de.wikipedia.org/wiki/American_Academy_in_Berlin",
                "src": "http://de.wikipedia.org/wiki/Josef_Joffe#Leben"
            },
            {
                "name": "Europe’s World",
                "more_info": "http://de.wikipedia.org/wiki/Friends_of_Europe",
                "src": "http://europesworld.org/author/josefjoffe/"
            },
            {
                "name": "Goldman Sachs",
                "more_info": "http://de.wikipedia.org/wiki/Goldman_Sachs",
                "src": "http://de.wikipedia.org/wiki/Josef_Joffe#Leben"
            },
            {
                "name": "Hypovereinsbank",
                "more_info": "http://de.wikipedia.org/wiki/Hypovereinsbank",
                "src": "http://de.wikipedia.org/wiki/Josef_Joffe#Leben"
            },
            {
                "name": "International Institute for Strategic Studies",
                "more_info": "http://de.wikipedia.org/wiki/International_Institute_for_Strategic_Studies",
                "src": "http://de.wikipedia.org/wiki/Josef_Joffe#Leben"
            },
            {
                "name": "Münchner Sicherheitskonferenz",
                "more_info": "http://de.wikipedia.org/wiki/M%C3%BCnchner_Sicherheitskonferenz",
                "src": "http://de.wikipedia.org/wiki/Josef_Joffe#Leben"
            }
        ]
    },
    "CahootsID_0004": {
        "name": "Matthias Naß",
        "cahoots": [
            {
                "name": "Transatlantic Academy",
                "more_info": "http://de.wikipedia.org/wiki/Transatlantic_Academy",
                "src": "http://de.wikipedia.org/wiki/Matthias_Na%C3%9F#Mitgliedschaften.2C_Teilnahme_an_Kongressen"
            },
            {
                "name": "Institut für Auslandsbeziehungen",
                "more_info": "http://de.wikipedia.org/wiki/Aspen_Institut",
                "src": "http://de.wikipedia.org/wiki/Institut_f%C3%BCr_Auslandsbeziehungen"
            },
            {
                "name": "Atlantik-Brücke",
                "more_info": "http://de.wikipedia.org/wiki/Atlantik-Br%C3%BCcke",
                "src": "http://www.atlantik-bruecke.org/service/dokumente/jahresbericht-2008-2009.pdf"
            },
            {
                "name": "(Teilnehmer) Bilderberg Konferenz",
                "more_info": "https://en.wikipedia.org/wiki/Bilderberg_Group",
                "src": "http://de.wikipedia.org/wiki/Liste_von_Teilnehmern_an_Bilderberg-Konferenzen"
            }
        ]
    },
    "CahootsID_0005": {
        "name": "Michael Thumann",
        "cahoots": [
            {
                "name": "(Ehem.) Transatlantic Academy",
                "more_info": "http://de.wikipedia.org/wiki/Transatlantic_Academy",
                "src": "http://de.wikipedia.org/wiki/Michael_Thumann"
            },
            {
                "name": "(Ehem.) Woodrow Wilson Center",
                "more_info": "http://de.wikipedia.org/wiki/Woodrow_Wilson_International_Center_for_Scholars",
                "src": "http://de.wikipedia.org/wiki/Michael_Thumann"
            }
        ]
    },
    "CahootsID_0006": {
        "name": "Jörg Lau",
        "cahoots": [
            {
                "name": "(Ehem.) German Marshall Fund",
                "more_info": "http://de.wikipedia.org/wiki/German_Marshall_Fund",
                "src": "http://de.wikipedia.org/wiki/J%C3%B6rg_Lau#Leben_und_Werk"
            }
        ]
    },
    "CahootsID_0007": {
        "name": "Matthias Krupa",
        "cahoots": [
            {
                "name": "Building Tomorrow's Europe",
                "more_info": "https://www.buildingeurope.eu/de/kongress/",
                "src": "https://www.buildingeurope.eu/de/referenten/matthias-krupa.120/"
            }
        ]
    },
    "CahootsID_0008": {
        "name": "Michael Naumann",
        "cahoots": [
            {
                "name": "SPD (Partei)",
                "more_info": "http://de.wikipedia.org/wiki/Sozialdemokratische_Partei_Deutschlands",
                "src": "http://de.wikipedia.org/wiki/Michael_Naumann"
            }
        ]
    },
    "CahootsID_0009": {
        "name": "Kai Diekmann",
        "cahoots": [
            {
                "name": "Atlantik-Brücke",
                "more_info": "http://de.wikipedia.org/wiki/Atlantik-Br%C3%BCcke",
                "src": "http://de.wikipedia.org/wiki/Kai_Diekmann#Mitgliedschaft"
            },
            {
                "name": "Franconia Münster",
                "more_info": "http://www.franconia-muenster.de/",
                "src": "http://www.zeit.de/karriere/beruf/2012-07/karriere-nutzen-studentenverbindung"
            }
        ]
    },
    "CahootsID_0010": {
        "name": "Klaus-Dieter Frankenberger",
        "cahoots": [
            {
                "name": "Trilaterale Kommission",
                "more_info": "http://de.wikipedia.org/wiki/Trilaterale_Kommission",
                "src": "http://de.wikipedia.org/wiki/Klaus-Dieter_Frankenberger#Mitgliedschaften.2C_Verbindungen_zur_Politik"
            },
            {
                "name": "Atlantische Initiative",
                "more_info": "http://de.wikipedia.org/wiki/Atlantische_Initiative",
                "src": "http://de.wikipedia.org/wiki/Klaus-Dieter_Frankenberger#Mitgliedschaften.2C_Verbindungen_zur_Politik"
            },
            {
                "name": "Bundesakademie für Sicherheitspolitik",
                "more_info": "http://de.wikipedia.org/wiki/Bundesakademie_f%C3%BCr_Sicherheitspolitik",
                "src": "http://de.wikipedia.org/wiki/Klaus-Dieter_Frankenberger#Mitgliedschaften.2C_Verbindungen_zur_Politik"
            },
            {
                "name": "Institut für Europäische Politik",
                "more_info": "http://de.wikipedia.org/wiki/Atlantische_Initiative",
                "src": "http://de.wikipedia.org/wiki/Institut_f%C3%BCr_Europ%C3%A4ische_Politik"
            },
            {
                "name": "Transatlantic Academy",
                "more_info": "http://de.wikipedia.org/wiki/Transatlantic_Academy",
                "src": "http://de.wikipedia.org/wiki/Institut_f%C3%BCr_Europ%C3%A4ische_Politik"
            },
            {
                "name": "(Teilnehmer) Münchner Sicherheitskonferenz",
                "more_info": "http://de.wikipedia.org/wiki/M%C3%BCnchner_Sicherheitskonferenz",
                "src": "http://de.wikipedia.org/wiki/Klaus-Dieter_Frankenberger#Mitgliedschaften.2C_Verbindungen_zur_Politik"
            }
        ]
    },
    "CahootsID_0011": {
        "name": "Stefan Kornelius",
        "cahoots": [
            {
                "name": "Körber-Stiftung",
                "more_info": "http://de.wikipedia.org/wiki/K%C3%B6rber-Stiftung",
                "src": "http://de.wikipedia.org/wiki/Stefan_Kornelius#Mitgliedschaften"
            },
            {
                "name": "Atlantik-Brücke",
                "more_info": "http://de.wikipedia.org/wiki/Atlantik-Br%C3%BCcke",
                "src": "http://de.wikipedia.org/wiki/Stefan_Kornelius#Mitgliedschaften"
            },
            {
                "name": "Deutschen Gesellschaft für Auswärtige Politik",
                "more_info": "http://de.wikipedia.org/wiki/Deutsche_Gesellschaft_f%C3%BCr_Ausw%C3%A4rtige_Politik",
                "src": "http://de.wikipedia.org/wiki/Stefan_Kornelius#Mitgliedschaften"
            },
            {
                "name": "Bundesakademie für Sicherheitspolitik",
                "more_info": "http://de.wikipedia.org/wiki/Bundesakademie_f%C3%BCr_Sicherheitspolitik",
                "src": "http://de.wikipedia.org/wiki/Stefan_Kornelius#Mitgliedschaften"
            },
            {
                "name": "Deutsch-russisches Forum",
                "more_info": "http://de.wikipedia.org/wiki/Deutsch-Russisches_Forum",
                "src": "http://de.wikipedia.org/wiki/Stefan_Kornelius#Mitgliedschaften"
            },
            {
                "name": "American Institute for Contemporary German Studies",
                "more_info": "http://www.aicgs.org/",
                "src": "http://www.aicgs.org/by-author/stefan-kornelius/"
            },
            {
                "name": "Deutsche Atlantische Gesellschaft",
                "more_info": "http://www.deutscheatlantischegesellschaft.de/cms/front_content.php?idcat=73&lang=1",
                "src": "http://www.aicgs.org/by-author/stefan-kornelius/"
            },
            {
                "name": "Münchner Sicherheitskonferenz",
                "more_info": "http://de.wikipedia.org/wiki/M%C3%BCnchner_Sicherheitskonferenz",
                "src": "https://www.securityconference.de/de/veranstaltungen/munich-security-conference/msc-2014/teilnehmer/"
            }
        ]
    },
    "CahootsID_0012": {
        "name": "Constanze Kurz",
        "cahoots": [
            {
                "name": "Chaos Computer Club",
                "more_info": "http://de.wikipedia.org/wiki/Chaos_Computer_Club",
                "src": "http://inka.htw-berlin.de/inka/constanze/"
            }
        ]
    },
    "CahootsID_0013": {
        "name": "Stephan Urbach",
        "cahoots": [
            {
                "name": "Junge Piraten Deutschland",
                "more_info": "http://de.wikipedia.org/wiki/Piratenpartei_Deutschland",
                "src": "https://wiki.junge-piraten.de/w/images/6/66/Bundesmitgliedsversammlung_2009.2_Protokoll.pdf"
            }
        ]
    },
    "CahootsID_0014": {
        "name": "Christoph Hein",
        "cahoots": [
            {
                "name": "(Ehem.) BASF",
                "more_info": "http://de.wikipedia.org/wiki/BASF",
                "src": "http://www.faz.net/redaktion/christoph-hein-11123670.html"
            }
        ]
    },
    "CahootsID_0015": {
        "name": "Henrike Roßbach",
        "cahoots": [
            {
                "name": "Die Lebensmittelwirtschaft",
                "more_info": "http://www.lebensmittelwirtschaft.org/verein/",
                "src": "http://www.lebensmittelwirtschaft.org/symposium/referenten/"
            }
        ]
    },
    "CahootsID_0016": {
        "name": "Henning Peitsmeier",
        "cahoots": [
            {
                "name": "Club Wirtschaftspresse München",
                "more_info": "http://www.wirtschaftspresse-muenchen.de/Plone/ueber-uns-1",
                "src": "http://www.wirtschaftspresse-muenchen.de/Plone/user_info?userid=peitsmeier"
            }
        ]
    },
    "CahootsID_0017": {
        "name": "Werner Mussler",
        "cahoots": [
            {
                "name": "Club Wirtschaftspresse München",
                "more_info": "http://en.wikipedia.org/wiki/Wilfried_Martens_Centre_for_European_Studies",
                "src": "http://martenscentre.eu/users/werner-mussler"
            },
            {
                "name": "(Ehem.) Institut zur Zukunft der Arbeit",
                "more_info": "http://de.wikipedia.org/wiki/Institut_zur_Zukunft_der_Arbeit",
                "src": "http://www.iza.org/en/webcontent/personnel/photos/index_html?key=4306"
            }
        ]
    },
    "CahootsID_0018": {
        "name": "Rüdiger Soldt",
        "cahoots": [
            {
                "name": "Berliner Republik",
                "more_info": "http://de.wikipedia.org/wiki/Berliner_Republik_(Zeitschrift)",
                "src": "http://www.b-republik.de/berliner-republik/autoren?details=20"
            }
        ]
    },
    "CahootsID_0019": {
        "name": "Robert von Lucius",
        "cahoots": [
            {
                "name": "(Ehem.) McCloy Academic Scholarship Program",
                "more_info": "http://de.wikipedia.org/wiki/McCloy_Academic_Scholarship_Program",
                "src": "http://de.wikipedia.org/wiki/Robert_von_Lucius"
            }
        ]
    },
    "CahootsID_0020": {
        "name": "Irmgard Bayer",
        "cahoots": [
            {
                "name": "Österreichische Volkspartei",
                "more_info": "http://de.wikipedia.org/wiki/%C3%96sterreichische_Volkspartei",
                "src": "http://www.journalist.at/archiv/2010-2/ausgabe-08092010/warum-journalisten-politiker-werden/"
            },
            {
                "name": "Industriellenvereinigung (IV)",
                "more_info": "http://de.wikipedia.org/wiki/Industriellenvereinigung",
                "src": "http://www.journalist.at/archiv/2010-2/ausgabe-08092010/warum-journalisten-politiker-werden/"
            },
            {
                "name": "Wirtschaftskammer Österreich",
                "more_info": "http://de.wikipedia.org/wiki/Wirtschaftskammer_%C3%96sterreich",
                "src": "http://www.journalist.at/archiv/2010-2/ausgabe-08092010/warum-journalisten-politiker-werden/"
            }
        ]
    },
    "CahootsID_0021": {
        "name": "Astrid Geisler",
        "cahoots": [
            {
                "name": "Piratenpartei",
                "more_info": "http://de.wikipedia.org/wiki/Piratenpartei_Deutschland",
                "src": "http://blogs.taz.de/hausblog/2013/03/08/bucher-von-taz-autoren-piratenbraut/"
            }
        ]
    },
    "CahootsID_0022": {
        "name": "Felix Dachsel",
        "cahoots": [
            {
                "name": "SPD",
                "more_info": "http://de.wikipedia.org/wiki/Sozialdemokratische_Partei_Deutschlands",
                "src": "http://blogs.taz.de/hausblog/2013/01/13/bekenntnis-ich-bin-taz-redakteur-und-parteimitglied/"
            }
        ]
    },
    "CahootsID_0023": {
        "name": "Malte Kreutzfeldt",
        "cahoots": [
            {
                "name": "Attac",
                "more_info": "http://de.wikipedia.org/wiki/Attac",
                "src": "http://de.wikipedia.org/wiki/Kategorie:Attac-Mitglied"
            }
        ]
    },
    "CahootsID_0024": {
        "name": "Claus Kleber",
        "cahoots": [
            {
                "name": "Aspen Institute",
                "more_info": "http://de.wikipedia.org/wiki/Aspen-Institut",
                "src": "https://de.wikipedia.org/wiki/Claus_Kleber#Leben"
            },
            {
                "name": "Atlantik-Brücke e.V.",
                "more_info": "http://de.wikipedia.org/wiki/Atlantik-Br%C3%BCcke",
                "src": "https://de.wikipedia.org/wiki/Claus_Kleber#Leben"
            }
        ]
    },
    "CahootsID_0025": {
        "name": "Stefan Niggemeier",
        "cahoots": [
            {
                "name": "Freischreiber e.V.",
                "more_info": "http://de.wikipedia.org/wiki/Freischreiber",
                "src": "http://de.wikipedia.org/wiki/Freischreiber"
            }
        ]
    },
    "CahootsID_0026": {
        "name": "Wolfgang Büchner",
        "cahoots": [
            {
                "name": "Reporter ohne Grenzen",
                "more_info": "http://de.wikipedia.org/wiki/Reporter_ohne_Grenzen",
                "src": "https://de.wikipedia.org/wiki/Wolfgang_B%C3%BCchner"
            },
            {
                "name": "Verband Deutscher Zeitschriftenverleger",
                "more_info": "https://de.wikipedia.org/wiki/Verband_Deutscher_Zeitschriftenverleger",
                "src": "https://de.wikipedia.org/wiki/Wolfgang_B%C3%BCchner#cite_note-9"
            }
        ]
    },
    "CahootsID_0027": {
        "name": "Katja Gloger",
        "cahoots": [
            {
                "name": "Reporter ohne Grenzen",
                "more_info": "http://de.wikipedia.org/wiki/Reporter_ohne_Grenzen",
                "src": "http://de.wikipedia.org/wiki/Katja_Gloger#Leben"
            }
        ]
    },
    "CahootsID_0028": {
        "name": "Matthias Matussek",
        "cahoots": [
            {
                "name": "Pro Papa – Solidarität mit dem Papst e.V.",
                "more_info": "http://de.wikipedia.org/wiki/Deutschland_pro_Papa",
                "src": "http://de.wikipedia.org/wiki/Matthias_Matussek#Positionen"
            }
        ]
    },
    "CahootsID_0029": {
        "name": "Richard Kiessler",
        "cahoots": [
            {
                "name": "Atlantik-Brücke e.V.",
                "more_info": "http://de.wikipedia.org/wiki/Atlantik-Br%C3%BCcke",
                "src": "http://de.wikipedia.org/wiki/Richard_Kiessler#Leben"
            },
            {
                "name": "Lions Club",
                "more_info": "http://de.wikipedia.org/wiki/Lions_Club",
                "src": "http://de.wikipedia.org/wiki/Richard_Kiessler#Leben"
            },
            {
                "name": "Deutsche Gesellschaft für Auswärtige Politik",
                "more_info": "http://de.wikipedia.org/wiki/Deutsche_Gesellschaft_f%C3%BCr_Ausw%C3%A4rtige_Politik",
                "src": "http://de.wikipedia.org/wiki/Richard_Kiessler#Leben"
            }
        ]
    },
    "CahootsID_0030": {
        "name": "Heribert Prantl",
        "cahoots": [
            {
                "name": "European Law Students’ Association",
                "more_info": "http://de.wikipedia.org/wiki/European_Law_Students%E2%80%99_Association",
                "src": "http://de.wikipedia.org/wiki/Heribert_Prantl"
            },
            {
                "name": "Stiftung Pro Justitia",
                "more_info": "http://de.wikipedia.org/wiki/Stiftung_Pro_Justitia",
                "src": "http://de.wikipedia.org/wiki/Heribert_Prantl"
            },
            {
                "name": "Deutsche Nationalstiftung",
                "more_info": "http://de.wikipedia.org/wiki/Deutsche_Nationalstiftung",
                "src": "http://de.wikipedia.org/wiki/Heribert_Prantl"
            }
        ]
    },
    "CahootsID_0031": {
        "name": "Michael Stürmer",
        "cahoots": [
            {
                "name": "Deutsche Gesellschaft für Auswärtige Politik",
                "more_info": "http://de.wikipedia.org/wiki/Michael_St%C3%BCrmer",
                "src": "http://de.wikipedia.org/wiki/Deutsche_Gesellschaft_f%C3%BCr_Ausw%C3%A4rtige_Politik#Mitgliedschaft"
            },
            {
                "name": "European Council on Foreign Relations",
                "more_info": "http://de.wikipedia.org/wiki/Stiftung_Pro_Justitia",
                "src": "http://de.wikipedia.org/wiki/European_Council_on_Foreign_Relations"
            },
            {
                "name": "German British Forum",
                "more_info": "http://www.gbf.com/",
                "src": "http://wikispooks.com/wiki/German-British_Forum"
            },
            {
                "name": "Münchner Sicherheitskonferenz",
                "more_info": "http://de.wikipedia.org/wiki/M%C3%BCnchner_Sicherheitskonferenz",
                "src": "https://www.securityconference.de/de/veranstaltungen/munich-security-conference/msc-2014/teilnehmer/"
            },
            {
                "name": "Valdai Discussion Club",
                "more_info": "http://en.wikipedia.org/wiki/Valdai_International_Discussion_Club",
                "src": "http://en.wikipedia.org/wiki/Valdai_International_Discussion_Club#History"
            }
        ]
    },
    "CahootsID_0032": {
        "name": "Marc Brost",
        "cahoots": [
            {
                "name": "Atlantik-Brücke",
                "more_info": "http://de.wikipedia.org/wiki/Atlantik-Br%C3%BCcke",
                "src": "http://de.wikipedia.org/wiki/Liste_von_Mitgliedern_der_Atlantik-Br%C3%BCcke"
            }
        ]
    },
    "CahootsID_0033": {
        "name": "Peter Frey",
        "cahoots": [
            {
                "name": "Körber-Stiftung",
                "more_info": "http://de.wikipedia.org/wiki/Bundesakademie_f%C3%BCr_Sicherheitspolitik",
                "src": "http://de.wikipedia.org/wiki/K%C3%B6rber-Stiftung"
            },
            {
                "name": "(Ehem.) Bundesakademie für Sicherheitspolitik",
                "more_info": "http://de.wikipedia.org/wiki/Bundesakademie_f%C3%BCr_Sicherheitspolitik",
                "src": "http://de.wikipedia.org/wiki/Peter_Frey_(Journalist)#Leben"
            }
        ]
    },
    "CahootsID_0034": {
        "name": "Winfried Wolf",
        "cahoots": [
            {
                "name": "Attac",
                "more_info": "http://de.wikipedia.org/wiki/Attac",
                "src": "http://de.wikipedia.org/wiki/Kategorie:Attac-Mitglied"
            },
            {
                "name": "Bildungsgemeinschaft SALZ",
                "more_info": "http://de.wikipedia.org/wiki/Bildungsgemeinschaft_SALZ",
                "src": "http://de.wikipedia.org/wiki/Winfried_Wolf_(Journalist)"
            },
            {
                "name": "Die Linke",
                "more_info": "http://de.wikipedia.org/wiki/Die_Linke",
                "src": "http://www.linksfraktion.de/abgeordnete/sabine-leidig/mitarbeiterinnen/"
            }
        ]
    }
}