{
    "CahootsID_0001": {
        "name": "Jochen Bittner",
        "cahoots": [
            {
                "name": "Europa-Union",
                "more_info": "http://de.wikipedia.org/wiki/Europa-Union",
                "src": "http://de.wikipedia.org/wiki/Jochen_Bittner#Mitgliedschaften.2C_Teilnahme_an_Kongressen"
            },
            {
                "name": "Brussels Forum",
                "more_info": "http://brussels.gmfus.org/about-the-forum/about/",
                "src": "http://de.wikipedia.org/wiki/Jochen_Bittner#Mitgliedschaften.2C_Teilnahme_an_Kongressen"
            },
            {
                "name": "Bertelsmann-Stiftung",
                "more_info": "http://de.wikipedia.org/wiki/Bertelsmann-Stiftung",
                "src": "http://de.wikipedia.org/wiki/Jochen_Bittner#Mitgliedschaften.2C_Teilnahme_an_Kongressen"
            },
            {
                "name": "Körber-Stiftung",
                "more_info": "http://de.wikipedia.org/wiki/K%C3%B6rber-Stiftung",
                "src": "http://de.wikipedia.org/wiki/Jochen_Bittner#Mitgliedschaften.2C_Teilnahme_an_Kongressen"
            }
        ]
    },
    "CahootsID_0002": {
        "name": "Robert Leicht",
        "cahoots": [
            {
                "name": "Atlantik-Brücke e.V.",
                "more_info": "http://de.wikipedia.org/wiki/Atlantik-Br%C3%BCcke",
                "src": "http://spiegelkabinett-blog.blogspot.de/2013/03/journalisten-der-atlantikbrucke-in.html"
            }
        ]
    },
     "CahootsID_0003": {
        "name": "Josef Joffe",
        "cahoots": [
            {
                "name": "Aspen Institut",
                "more_info": "http://de.wikipedia.org/wiki/Aspen_Institut",
                "src": "http://de.wikipedia.org/wiki/Josef_Joffe#Mitgliedschaften"
            },
            {
                "name": "American Institute for Contemporary German Studies",
                "more_info": "http://de.wikipedia.org/wiki/Aspen_Institut",
                "src": "http://de.wikipedia.org/wiki/Josef_Joffe#Mitgliedschaften"
            },
            {
                "name": "Atlantik-Brücke e.V.",
                "more_info": "http://de.wikipedia.org/wiki/Atlantik-Br%C3%BCcke",
                "src": "http://de.wikipedia.org/wiki/Josef_Joffe#Mitgliedschaften"
            }
        ]
    },
    "CahootsID_0004": {
        "name": "Matthias Naß",
        "cahoots": [
            {
                "name": "Transatlantic Academy",
                "more_info": "http://de.wikipedia.org/wiki/Transatlantic_Academy",
                "src": "http://de.wikipedia.org/wiki/Matthias_Na%C3%9F#Mitgliedschaften.2C_Teilnahme_an_Kongressen"
            },
            {
                "name": "Institut für Auslandsbeziehungen",
                "more_info": "http://de.wikipedia.org/wiki/Aspen_Institut",
                "src": "http://de.wikipedia.org/wiki/Institut_f%C3%BCr_Auslandsbeziehungen"
            }
        ]
    },
    "CahootsID_0005": {
        "name": "Michael Thumann",
        "cahoots": [
            {
                "name": "(Ehem.) Transatlantic Academy",
                "more_info": "http://de.wikipedia.org/wiki/Transatlantic_Academy",
                "src": "http://de.wikipedia.org/wiki/Michael_Thumann"
            },
            {
                "name": "(Ehem.) Woodrow Wilson Center",
                "more_info": "http://de.wikipedia.org/wiki/Woodrow_Wilson_International_Center_for_Scholars",
                "src": "http://de.wikipedia.org/wiki/Michael_Thumann"
            }
        ]
    },
    "CahootsID_0006": {
        "name": "Jörg Lau",
        "cahoots": [
            {
                "name": "(Ehem.) German Marshall Fund",
                "more_info": "http://de.wikipedia.org/wiki/German_Marshall_Fund",
                "src": "http://de.wikipedia.org/wiki/J%C3%B6rg_Lau#Leben_und_Werk"
            }
        ]
    },
    "CahootsID_0007": {
        "name": "Matthias Krupa",
        "cahoots": [
            {
                "name": "Building Tomorrow's Europe",
                "more_info": "https://www.buildingeurope.eu/de/kongress/",
                "src": "https://www.buildingeurope.eu/de/referenten/matthias-krupa.120/"
            }
        ]
    },
    "CahootsID_0008": {
        "name": "Michael Naumann",
        "cahoots": [
            {
                "name": "SPD (Partei)",
                "more_info": "http://de.wikipedia.org/wiki/Sozialdemokratische_Partei_Deutschlands",
                "src": "http://de.wikipedia.org/wiki/Michael_Naumann"
            }
        ]
    },
    "CahootsID_0009": {
        "name": "Kai Diekmann",
        "cahoots": [
            {
                "name": "Atlantik-Brücke",
                "more_info": "http://de.wikipedia.org/wiki/Atlantik-Br%C3%BCcke",
                "src": "http://de.wikipedia.org/wiki/Kai_Diekmann#Mitgliedschaft"
            },
            {
                "name": "Franconia Münster",
                "more_info": "http://www.franconia-muenster.de/",
                "src": "http://www.zeit.de/karriere/beruf/2012-07/karriere-nutzen-studentenverbindung"
            }
        ]
    },
    "CahootsID_0010": {
        "name": "Klaus-Dieter Frankenberger",
        "cahoots": [
            {
                "name": "Trilaterale Kommission",
                "more_info": "http://de.wikipedia.org/wiki/Trilaterale_Kommission",
                "src": "http://de.wikipedia.org/wiki/Klaus-Dieter_Frankenberger#Mitgliedschaften.2C_Verbindungen_zur_Politik"
            },
            {
                "name": "Atlantische Initiative",
                "more_info": "http://de.wikipedia.org/wiki/Atlantische_Initiative",
                "src": "http://de.wikipedia.org/wiki/Klaus-Dieter_Frankenberger#Mitgliedschaften.2C_Verbindungen_zur_Politik"
            },
            {
                "name": "Bundesakademie für Sicherheitspolitik",
                "more_info": "http://de.wikipedia.org/wiki/Bundesakademie_f%C3%BCr_Sicherheitspolitik",
                "src": "http://de.wikipedia.org/wiki/Klaus-Dieter_Frankenberger#Mitgliedschaften.2C_Verbindungen_zur_Politik"
            },
            {
                "name": "Institut für Europäische Politik",
                "more_info": "http://de.wikipedia.org/wiki/Atlantische_Initiative",
                "src": "http://de.wikipedia.org/wiki/Institut_f%C3%BCr_Europ%C3%A4ische_Politik"
            },
            {
                "name": "Transatlantic Academy",
                "more_info": "http://de.wikipedia.org/wiki/Transatlantic_Academy",
                "src": "http://de.wikipedia.org/wiki/Institut_f%C3%BCr_Europ%C3%A4ische_Politik"
            }
        ]
    },
    "CahootsID_0011": {
        "name": "Stefan Kornelius",
        "cahoots": [
            {
                "name": "Körber-Stiftung",
                "more_info": "http://de.wikipedia.org/wiki/K%C3%B6rber-Stiftung",
                "src": "http://de.wikipedia.org/wiki/Stefan_Kornelius#Mitgliedschaften"
            },
            {
                "name": "Atlantik-Brücke",
                "more_info": "http://de.wikipedia.org/wiki/Atlantik-Br%C3%BCcke",
                "src": "http://de.wikipedia.org/wiki/Stefan_Kornelius#Mitgliedschaften"
            },
            {
                "name": "Deutschen Gesellschaft für Auswärtige Politik",
                "more_info": "http://de.wikipedia.org/wiki/Deutsche_Gesellschaft_f%C3%BCr_Ausw%C3%A4rtige_Politik",
                "src": "http://de.wikipedia.org/wiki/Stefan_Kornelius#Mitgliedschaften"
            },
            {
                "name": "Bundesakademie für Sicherheitspolitik",
                "more_info": "http://de.wikipedia.org/wiki/Bundesakademie_f%C3%BCr_Sicherheitspolitik",
                "src": "http://de.wikipedia.org/wiki/Stefan_Kornelius#Mitgliedschaften"
            },
            {
                "name": "Deutsch-russisches Forum",
                "more_info": "http://de.wikipedia.org/wiki/Deutsch-Russisches_Forum",
                "src": "http://de.wikipedia.org/wiki/Stefan_Kornelius#Mitgliedschaften"
            }
        ]
    },
    "CahootsID_0012": {
        "name": "Constanze Kurz",
        "cahoots": [
            {
                "name": "Chaos Computer Club",
                "more_info": "http://de.wikipedia.org/wiki/Chaos_Computer_Club",
                "src": "http://inka.htw-berlin.de/inka/constanze/"
            }
        ]
    },
    "CahootsID_0013": {
        "name": "Stefan Niggemeier",
        "cahoots": [
            {
                "name": "Bildblog",
                "more_info": "http://de.wikipedia.org/wiki/Bildblog",
                "src": "http://de.wikipedia.org/wiki/Stefan_Niggemeier"
            }
        ]
    },
    "CahootsID_0014": {
        "name": "Christoph Hein",
        "cahoots": [
            {
                "name": "(Ehem.) BASF",
                "more_info": "http://de.wikipedia.org/wiki/BASF",
                "src": "http://www.faz.net/redaktion/christoph-hein-11123670.html"
            }
        ]
    },
    "CahootsID_0015": {
        "name": "Henrike Roßbach",
        "cahoots": [
            {
                "name": "Die Lebensmittelwirtschaft",
                "more_info": "http://www.lebensmittelwirtschaft.org/verein/",
                "src": "http://www.lebensmittelwirtschaft.org/symposium/referenten/"
            }
        ]
    },
    "CahootsID_0016": {
        "name": "Henning Peitsmeier",
        "cahoots": [
            {
                "name": "Club Wirtschaftspresse München",
                "more_info": "http://www.wirtschaftspresse-muenchen.de/Plone/ueber-uns-1",
                "src": "http://www.wirtschaftspresse-muenchen.de/Plone/user_info?userid=peitsmeier"
            }
        ]
    },
    "CahootsID_0017": {
        "name": "Werner Mussler",
        "cahoots": [
            {
                "name": "Club Wirtschaftspresse München",
                "more_info": "http://en.wikipedia.org/wiki/Wilfried_Martens_Centre_for_European_Studies",
                "src": "http://martenscentre.eu/users/werner-mussler"
            },
            {
                "name": "(Ehem.) Institut zur Zukunft der Arbeit",
                "more_info": "http://de.wikipedia.org/wiki/Institut_zur_Zukunft_der_Arbeit",
                "src": "http://www.iza.org/en/webcontent/personnel/photos/index_html?key=4306"
            }
        ]
    },
    "CahootsID_0018": {
        "name": "Rüdiger Soldt",
        "cahoots": [
            {
                "name": "Berliner Republik",
                "more_info": "http://de.wikipedia.org/wiki/Berliner_Republik_(Zeitschrift)",
                "src": "http://www.b-republik.de/berliner-republik/autoren?details=20"
            }
        ]
    },
    "CahootsID_0019": {
        "name": "Robert von Lucius",
        "cahoots": [
            {
                "name": "(Ehem.) McCloy Academic Scholarship Program",
                "more_info": "http://de.wikipedia.org/wiki/McCloy_Academic_Scholarship_Program",
                "src": "http://de.wikipedia.org/wiki/Robert_von_Lucius"
            }
        ]
    }
}